a,b,c,d
3.428174254929801,1.5442455610705907,3.3354488814031464,3.9008815703393394
2.3905069162672685,2.2813719605025025,4.927615633429259,2.910646808072872
5.1941424360182955,0.5135927137149214,2.5080723856612583,2.3646330605962693
4.307015046647828,0.7980085566974193,4.568551820467679,2.566827489080211
5.259162781041725,0.1890962814562432,2.7588417932058547,4.003235508424027
4.444264466602659,2.668735315247387,2.8365873312860175,4.875998836130915
4.422517319815453,1.954065544703901,2.6547528150178024,3.303388394073464
3.902159277432431,0.2484765269249092,2.775322113427153,5.055605276355444
4.475946027378817,0.20822997627621406,2.5262676143359744,3.4370736188319175
3.1121080682726117,0.43168809942416386,2.2152547626477164,2.2671442062495504
3.687055519055441,1.566230006496462,2.883791787061154,3.186490172603099
3.6505518994704773,2.8499978780952824,2.5744664923202696,2.4420028087753023
3.490786879256165,3.1454628766531467,2.288210634769693,3.039902122264837
5.249945645270757,0.634463824976911,1.833536401350839,3.0327966906491346
3.734479753041011,10.355154199784524,2.687206180061476,2.755051597704284
5.418300132385291,6.221424237119624,1.8204370996283235,2.306752903632075
2.8205028386109734,3.0712821775981656,3.0961320254125346,3.74749375116119
3.525780283741506,5.949896144435343,2.3850841776471334,2.3442975531194428
3.224835944048473,0.12162894300180078,3.523555400925163,2.053053598025207
4.130477432930028,2.2471990323347075,2.9823197860407844,2.6535836095423546
3.954480497125223,1.0272190887107853,4.686555027511116,2.32844598644111
3.367328648268324,5.392381249440936,3.356136443160738,2.278074407341416
4.92831281806591,0.044673539237295674,2.484619088190141,2.345762133368595
5.657463044575915,1.1161172739134495,3.0055572179963983,2.0538884280876117
4.771831252842052,2.863963344074956,2.820816259905157,2.22356430977734
4.842201779207443,0.001865814536859767,3.1359821284792395,2.1641115510693014
1.327295388472988,1.1664063657958765,2.463146707129747,2.4003311293069167
4.593393404134277,1.2107254930392353,1.5563586205154671,4.337602443875969
3.9163409796999273,1.6621134444155565,2.978677235481856,4.829457001721074
3.572278027017239,3.640395936074833,3.243337876609762,2.021915911681385
4.712094502668841,3.0349178011030356,2.7404141823447263,4.930624549820542
3.5643464789459918,0.7127083070370993,2.4731296861572214,3.4784045182938805
2.9571170191677325,3.5268589301893964,2.6582431441110503,2.0478718200987136
3.5348272028580596,1.1444785093873295,4.674567664013143,8.659771334023814
5.081596437798553,2.6159431580138266,2.8868913287075357,2.117746768253561
2.9708150109004787,2.7228901269948773,3.214786357787451,2.0744324411224278
4.546134584635261,0.8782059995308378,2.4061208040408264,3.757647897167517
4.679840709221363,0.8418040592255642,2.1989907717258825,2.1403416931870343
4.2080232508576145,0.3260350208695768,3.0613106941835593,2.0689506723557507
4.602140850655814,4.294318160131749,3.8039493664846455,2.3701543322763796
6.8701477936949455,1.8063491090030421,1.7805324652783998,3.742717168295323
3.856630031910352,0.19245892835876638,1.9687064639650536,2.360137676781893
3.250452802238629,0.3165602853443005,4.439389325868236,3.1055035661788852
4.306374221138283,0.6151552758156992,3.2001062205804156,3.0714744627536588
2.95896157490028,2.6428140148987667,2.320234658582147,4.078126281815841
3.964772968224126,10.532829242898533,1.9507935647532286,2.064272684733242
2.9653209647141576,3.4911567830750236,2.086034942171511,2.752562810479155
3.7404994171868373,10.771200367341113,3.7987591151625617,2.398726668255606
3.1842071193461727,0.10266591423764657,2.5133409967995393,5.077561046592327
1.8595448999578168,0.8577444175633082,2.3595795738293854,4.191867310831805
4.06080310864318,2.1987839836968197,3.9025520636613353,10.060159187231262
3.202965303904368,0.3652483487679736,3.5922866129298754,9.472348424582629
2.631240552766484,1.9997004271115815,1.9394182833202513,2.1916708723744325
4.830972786401224,3.8750437409278975,3.7704575300469885,3.6887363176819146
4.152552634274531,6.366422264764427,2.709069315104692,2.0078798083264138
2.3383814638176466,6.994918712838491,2.6392662911097085,2.9203990158882025
4.773163889597376,1.5813958945957154,1.7367561806618756,2.689480298945293
3.0450437385967577,1.8103454175865537,2.4099207194326833,3.404079927902295
6.2853624115958615,6.5718243160992404,2.7467097832447487,2.021244276187345
5.70068188406992,0.28475310373093815,3.151975963623343,2.3129739665674367
4.068466531588023,5.28513701952758,2.4355619214249904,3.204448818113463
2.4025719535675005,5.480533890264809,2.9495393893848285,2.7587668163023626
3.3418104147146614,3.1299914613498885,3.066846704826853,2.113064144211441
5.307078431496506,4.041443249590267,3.080904979450765,7.563878085245236
4.10468415789764,3.7144553690256084,2.1879582105358986,2.2087432253628756
3.4962525283537773,0.5454801778042572,2.566327023336279,2.1030020380628764
4.346258685646382,3.7676933018939063,2.8840180447825836,6.051445132646054
5.919405900891736,1.3049278624082543,3.603438182109181,7.943155232436911
4.8630151342622945,0.5075097859946225,1.7720670931081453,3.123894295272383
3.25529647474138,1.0919094646039116,2.321310405887919,2.0227669168107694
4.934415064846696,0.6880788190193646,2.070290503894514,3.8822549646838005
4.634860717362506,12.138623128035288,1.9585017318204863,3.6797111504103386
6.583624010497815,7.395914246442911,1.7106566513034882,3.268618422949718
2.3315906012464325,7.168028470202241,4.755262090366994,3.342934179861091
4.0277417129081,0.9354246846105695,2.7791701222929466,3.120469826056412
4.755398844087629,3.8615408393554826,2.362352147385069,4.902367902239248
6.071356495103565,0.5077229675012851,2.502034074315831,2.0471770848674677
4.2729902691454384,1.025684038713501,2.6239252113813203,2.056917579930374
2.8484353290345723,8.801828157130632,3.2711416453592035,2.0826325491956013
4.676735695388869,2.9004151237762192,2.2174306201333276,2.4259455917147656
3.1957489639830268,2.197273335847402,1.7597893158937763,3.235452279722127
4.519855292684802,6.578808639443907,2.799174612600673,3.4044329177161416
2.53418187153682,3.481556037093413,1.8280637246125282,2.072354846440849
4.75656756991625,6.647867353073993,2.9008117419748403,2.448112746191164
3.8460367383112635,1.750439775139258,3.419744818057435,2.6110780984334405
3.9015696963549793,3.0727733539595583,2.982301091843702,2.3700215172452714
3.091330146311384,4.160990750290804,3.286773819286079,3.767719894608653
1.8302695870759953,3.388711938392815,3.079994157459275,5.674643016715834
4.3882372469483135,1.3244161754200323,2.8165081990998595,4.902097817688952
2.657254695331293,0.3364786352273933,2.0722645426301023,6.106579601263415
4.217034941081249,6.311938346747672,2.6041869741366104,3.2290151063520343
4.22740694482752,1.0848178507582038,2.8871463959737516,3.856837652990723
5.147816615080024,7.752799184160147,2.7102726859641137,2.7693235725959746
4.175551170955703,1.7488705838043694,1.787924865968748,2.1717991042926665
3.406372195956212,3.525292568887611,3.222178905470094,2.11101842079593
5.594702298338266,2.3064673535147353,2.5436921334973674,6.833016946720599
3.20591062136232,1.3078128568500236,3.5839253047078397,13.618219965494117
5.541607424607766,6.842078150580159,2.9009549093422002,3.8896934587527228
4.554994659232274,2.4402251692343713,1.898189715623615,2.180605658492494
2.8004466288072543,5.0099876094213265,2.546054430892398,3.8377858161648146
3.604723232310427,4.988200425743363,2.881831376954282,3.1733059429955
1.7522002695861714,0.7285294756865711,2.730273237534611,3.215715329303206
2.9137406929208343,0.44947548682687144,3.036032939833288,2.416030140680569
3.303045180139262,0.825302728165217,2.495235517426181,2.0328602944806966
3.6784764362955795,5.5977408370535615,1.740140725920566,4.606737991070671
4.622664492249595,0.7596458252291323,2.6948535665713513,2.78576605030194
4.885952663598549,3.3156501842655417,4.041790930929738,2.5563650023350957
3.338590123450574,5.545080572304023,3.5745484697311927,5.057341002407014
4.438173149014927,3.168587912183235,3.431504490272522,3.7538018785193334
5.463588315226567,0.23648952798058653,2.797641411257279,6.504196662413525
5.915328432481514,1.6560417319486072,2.4583612309630003,2.3797264132347857
4.127992292393456,3.2588050568582627,3.1992066050391386,2.5113193600339536
4.6205084429085534,6.193791158016499,2.6670345202676726,2.5928366684465214
4.235436942834642,6.10742177398947,2.3886219520887657,3.3409796432627785
5.129606407687502,0.08624926683171201,3.273755382928075,2.1716958575460548
2.071844745087017,1.4472355816684033,1.9990929534760982,3.2299615702039794
4.9025844110248284,19.5916465844763,1.9401287973314127,4.250945010516477
4.691639394342786,0.8653999561909562,2.3997811505162634,4.211289892959779
3.405737158117933,6.0511887557779485,2.9586793630406056,2.9563084757617313
3.729065190981187,1.8589861683645768,3.3723189425277433,2.0051924698058134
4.792960434661577,1.80927666839236,2.996895019537316,2.5208812937561427
4.591951290000038,2.045091222147909,3.2868322992376204,3.156376883040921
4.821294767405837,1.4097881605078444,2.5761514702294113,12.81801138794022
5.172730498833458,5.050723466752942,3.1222082376897555,6.511701492617655
2.2088574025658962,6.273588121635484,5.260174171226335,2.433060089095289
3.270117148249752,0.7613634067416608,1.749782641204334,2.925724874853271
4.115293587739451,3.180052400059452,2.3819591883381417,6.213249127281915
3.578697120970872,6.805526724957716,3.6052256051755545,4.531796357632167
4.81509376911508,0.9725778258256186,2.059578830932122,4.68971098258956
3.6302405000594242,0.8695506142274008,2.816136802569813,2.017639333904672
2.8388395489285774,0.8170347975620726,3.714011986151129,2.3122385533023855
3.467846411187287,1.6943764934995214,2.5128366622009755,3.0522409108827557
3.2011621339713585,1.4117348299296737,2.092685481842041,2.912365823439549
3.458281848539821,2.842798667860381,2.68202522894075,2.1626920392374616
3.9016842978757857,0.27213081307363324,3.0021292928161,2.5533832238251057
2.636709498883768,0.3470354897802072,1.997399533003917,2.082295063775306
2.535208300468126,0.5736845356852748,2.0171120255549906,3.1468177734021583
3.5691384011357123,3.356621900211234,2.482536378775806,8.499191742891485
4.756159376096833,1.5678728316771116,3.0594780563031407,6.240550908802624
4.197096068368085,3.7010138087704254,3.6515012332428434,4.549468860846357
3.348242220855069,16.197451502767972,4.3775026161312445,4.699901507423212
4.614613222580177,9.772290291164666,2.043221738831975,2.003903372325687
3.2236699091762144,3.437936875301485,1.7607957007662758,2.715042975850811
1.3886733222608547,10.40549644020658,1.7569712038100394,3.8099841424905416
3.0974501576301194,7.284227841993957,3.1316242760990973,2.1708707371627085
4.602704189459084,6.534006594957665,2.7867472712167056,2.1428599133895507
3.0414325890875613,0.3053803284894363,2.7802579501401143,2.58856158384686
4.646312099546903,14.991763291491521,2.604382684426939,2.22282254518764
4.217601609316691,5.798841449282503,1.7268820893745451,3.6638161945134367
4.516973887168156,4.111417070822636,1.8659937153487587,2.4325149012886778
4.644799476725227,2.363720887555675,4.541156640824279,2.922356758090863
4.05166448246178,3.196979545391505,2.971315288325009,2.0357829192516053
3.153852511720357,1.8052158124796636,3.9702090432248256,2.52461359292968
5.568109203405717,1.7737392748268008,2.583702529722549,2.316373357806944
2.8333106856122576,0.24716077846560935,2.601255809446863,3.661906933107073
2.918352294247727,2.035564764013796,4.1938367798867455,3.760312130012181
4.856091179104103,0.140424144249853,3.0582633316362364,2.641809316182962
4.773361386216302,0.14435116510458385,3.5409978637746393,4.895367727964575
3.70004458396625,2.937906097699977,2.2231549918107762,3.8184586009204393
4.957668277943932,0.7223890309635943,2.159720645082934,2.5403158092209224
5.348645465535274,2.1231060320815818,2.4595504719883667,8.21894868052342
5.229875057286158,4.854427983531366,3.357992320709672,4.627418011008096
4.830181024647247,0.11172073982323949,2.2410110249722455,2.968760276215369
3.3008566779402435,3.346258093456506,2.2040414815260547,2.269448653021274
3.61211622784422,0.2545802264642578,2.3362500405404036,2.6443371652875967
4.426565917508705,1.6814062834225032,1.9728124108433247,2.0338646575682726
3.837643825811579,1.218385978610125,2.986121168825133,4.202363938801763
3.0724005589427725,0.3860954927926674,2.653703778487418,3.2455528697277884
5.049049849621709,1.3130384689903607,3.7179124938661023,4.320489024985774
5.068121954317351,2.0760028736701415,2.259831268281302,2.3989863689630937
3.1666346272168084,5.900621578534644,2.787844495618297,3.021440829392983
3.2906510528173962,1.9598782853871801,3.7538714470147028,2.469620732502061
4.616614281548759,0.16986431063411098,2.3053677712842613,2.4327146867531035
2.54122066879827,0.03505295701477812,2.5132579783925943,2.281926696229833
4.7056531720726325,1.5172356071918407,2.083636697159303,2.30671727997438
4.895314422032862,7.1891843239129285,1.9414961585951584,9.376178173001605
3.7447145333490424,4.315744139552006,4.305100551492135,2.5270205498383156
4.156112814295579,0.017511524512025804,2.79905129803288,3.2660643970843246
5.524388051559015,5.857967831402498,4.589683988050107,2.8161477666794923
3.219775156461797,12.888169081715064,3.5979808473506165,4.549266230291567
4.035315479366416,3.350478388773683,2.8473185888417674,3.1194563374380895
2.907010263821225,2.881671688234412,3.507840126467441,3.769806848712035
4.4795343954039994,1.1075237572648544,2.598764958143598,2.9593838483145603
4.853778686453225,0.9128080274750241,2.49161667393652,7.375906674092988
3.8974237474490967,0.38241265638686384,3.3284297050680123,3.488277514273062
2.668383381593053,0.2874832668624909,2.4737959242461938,5.10505770283509
5.900898833606227,4.275624949351043,2.8101038972605163,3.3096848447675717
4.4421624482993725,0.8146701806794021,2.828927790427777,4.489389217761261
4.612082124630389,3.3975213769674264,4.065625923081404,2.219833149539294
3.6670836762846686,0.2913848041141331,2.945726773637881,2.5469631476844827
4.808025216313491,0.75567386295637,2.853910219235837,8.296110239138581
3.6849925408294,0.17192568266121774,3.08960984380214,3.3666422830021445
2.970475109660235,1.0702592348014215,2.310897599645898,5.500032618345448
4.074670670478774,0.0020010647724591863,3.8707322186711695,2.6293072261665085
2.490771694618884,4.230803250579208,1.9647510712568637,5.215747549385667
5.505903181175539,0.9678097907546387,2.4320502759524394,4.850126812634888
4.944431842077825,0.15708648155359567,3.9441515375989273,3.206860400700966
3.9534471108611307,2.502952531171432,2.311790000778036,2.4608838058010765
4.828219369705505,1.4247763416658883,2.9816867470031787,2.353372459955109
3.4464069625131293,7.695249135166514,3.01576230669521,10.194601027815756
5.1910758071536955,0.7185352160046579,3.1496042030523825,2.7722523853832866
1.923095312089301,7.265462061762466,2.8690451530616574,2.9269748246659906
4.491602770419098,5.591461051182675,3.5464727361373916,5.191126048106658
2.4622404148549277,0.9280688871505205,2.8786990431955557,3.8861044228076356
4.646690750742748,4.719024001472065,3.4990443454423144,2.454262321268489
2.13174095442477,2.180405523711212,3.299464787962004,2.0655171593023636
5.312086344218382,5.189844346536479,3.2953727767860146,2.041805549246577
4.126780130681755,0.6210174114716366,2.2032301331415374,4.036100396534714
4.532639942087056,0.6057184172605705,2.882132041821453,4.507316584547251
4.226622056968812,0.8963916896783464,2.9045147267796283,2.160201907819504
4.490649339241921,4.830552240818959,2.015961437423139,2.0170798990603953
2.7608559840866294,0.6822331349971065,2.9145655658168255,7.860951099551398
2.841246470899775,7.802312484172147,1.809041995926299,2.6015956627127688
3.926569812398509,6.79903945343326,2.7841003715169217,2.385510279548864
4.866100571188358,4.408125982885128,2.1218456285955156,5.248687468172526
5.781553572416987,0.31714339337760705,4.829356973681682,2.0914499435656713
3.4347977017354125,10.742104769926401,1.607655859604576,3.3986797437007885
4.8099959230223766,0.11936933402964682,4.211789460052236,3.296220937775119
4.381047270086523,0.6646959729908797,3.7542270711544465,6.244817146299701
2.6331134320667484,2.444412782995257,2.669943278716442,2.7276066223408804
4.558868789325376,1.0406042825113808,3.402684419632313,2.0360865146553095
5.2778212190722735,2.5853111494632666,2.98398449282013,2.7385534271876986
3.052804264247165,2.1683818621426583,2.031995941067992,4.316035347253162
4.9657864648378585,7.747318733325691,3.5987266979730217,3.3025901951091807
5.129745806415219,0.6670341008185635,2.1181614297398723,3.7630213790268354
4.420181308738671,1.742139645280204,3.195529419479611,2.28625621818406
2.353590115864968,1.5414037198309634,2.964049690495097,2.0111710662758315
3.8947530552038083,2.2421610305570123,2.207741424390138,3.823549685338603
4.429538858379477,1.7696886215157375,2.300249333154462,17.371138557912346
4.403801215724065,1.8222527017269528,3.5483344262809697,3.2518000560400764
4.090377559748673,5.645143238941493,3.0175346520427313,8.669082972849179
5.238376346538576,0.7855463842463584,2.274932153710056,2.2515748278380983
4.588757117506398,0.7396940578566423,3.2306191687802572,2.806518051047558
3.8442358280537166,6.714210250606788,1.8801709195906637,9.272334534270671
4.607280235773368,3.7786285550926815,2.500586580992758,2.44676147055387
3.767723760397092,0.10954797085890577,3.1882654654643456,2.3208795420804917
4.681238637020164,2.8713624426094597,1.827361996845793,3.2780709938921895
3.963309056419203,0.7204601015822348,1.9354811356476473,5.677859368249945
3.382419024835848,0.7833759538333929,2.518769215626108,2.0234016287657512
3.8827149118943725,0.1705276298803458,3.4278843464472306,2.0622915627694534
5.757690574066614,4.742062119849026,3.493653303480928,2.24231520384424
4.882433232200768,6.088738350050749,2.622684768103619,4.283454394654508
1.3134762982788106,8.055572248949833,2.4356244788119374,3.07941586552903
4.665790795439151,1.6332144597851177,3.7586068781217787,3.4430034055400567
4.710693813880088,8.175300835085622,2.6371485818979687,3.610926252053488
4.2257440282390455,0.4332330142706763,2.5107856131318407,2.3817008129093677
4.197736607910263,1.8475956146720356,2.9749919978377304,2.359302645097318
3.279474498298576,1.360158655319915,2.474525325450338,5.377621520938622
5.9245418982602125,0.060250041280472094,2.8528410950087713,2.09466919395983
3.830367137109988,0.09071734721829648,2.907643990654335,2.441840113803124
5.026040163801473,1.0151628369541055,2.542461416728501,3.681565094905157
4.693220426460168,4.12001795638565,1.6449106036124286,5.202547719883746
2.9557355815053867,1.0415127867724494,2.3543140315123092,2.152515271842379
5.48566975307294,0.6316525499572331,2.402136237914558,2.0886617011798743
3.773489244573696,2.84720440116469,1.7475266730467414,3.054591112559246
4.703663038047765,11.486136228186338,4.365885719548824,4.794791918187673
4.258777895861944,0.26987714936171814,2.792894517115446,2.5787456170679555
4.924786660258288,0.7758122175523393,1.8970849226297795,2.3808950715288266
3.936509769231664,0.9883528951187361,3.448983752115761,8.308494733976422
4.129590911703041,4.329258939835739,3.340120668640871,2.5639883647750947
5.277706630606885,4.020782096667542,2.93059748181074,2.0847985603489563
5.36146116348889,4.0614338133807175,2.2175013527438217,2.3601003105471845
2.3585899823759684,0.019655894679712134,2.875938191700243,2.884535479871395
3.362027914336662,5.140569140236949,2.0245583117018833,4.051953476165544
3.69193289266911,1.4805709699688747,2.967633135066998,3.993719379388912
2.8162792554705613,2.0347690813056363,3.3606072815623294,3.6600138163875138
4.039176108670489,2.7717719806056706,6.0323479000326055,2.3760465983370533
4.832699690309627,1.3340731142865667,4.838278108066536,2.6964626408987593
3.1668391758707406,0.5878121632004054,3.1024890129631664,2.1695503017008466
4.280653487800773,2.926249137491982,3.5838480909578156,2.1047215115765447
5.06286894035102,7.227913469018219,3.879910138452126,2.1361064218242216
4.40999483612162,1.3218079371068536,2.2363074689217144,3.2483769130342646
4.745997692915835,1.2560547643437057,1.6090880428632068,14.358142653827642
3.5943609705976938,13.676020607810937,1.797847360984824,3.3525514328655377
5.363538794745284,6.103181648628193,2.4002109315280156,4.001406408991206
4.344603156376169,9.897281765409993,3.4150372715408395,2.373523220977761
4.4258772597323155,5.030965549490704,2.6638625513565177,2.4604369459965945
3.1025021734612377,2.3936166568415147,3.4164818316071885,7.145411855845321
3.5786612611281257,0.4455405105222528,2.588360298853653,2.4782232359747334
1.8170489693464744,3.0095687749169446,3.4909738226524527,2.2419184731194997
4.22083253216417,0.2777694636085039,2.142450412580274,2.163172406550268
2.8263122614939085,11.782745686163246,2.0008035690703116,4.96180120902352
4.274330018757413,7.138190870424324,2.1862782507105196,2.0084560670677387
5.572465881756157,0.032014457996392874,2.4293144798914317,2.155573417388757
4.014502538920345,4.801073969526444,3.0420380815405186,3.609024637776512
4.104192592243437,0.8235025106157965,2.578077999051467,3.4539252795305093
2.5531655765267436,1.590212086012175,3.6845779838995036,2.612316417229107
4.361051256965845,5.445221930850626,3.8011056429109864,3.477788930036115
2.904656850394936,1.3684801264597866,2.0151952459140676,2.321796230668964
1.9841786422305328,2.3426693173319926,1.5162772257092398,3.3326195598484287
4.708099313460502,0.21430669286150256,3.105174750570291,2.4078353077987846
2.4314562375677222,7.918413418150118,3.3582649711617987,2.6553875778098353
2.1017522566174547,0.17693047494198055,2.0172811492712373,3.5950248092525263
2.5651182928393155,11.448832912468644,1.903099637090456,2.222188426836766
2.9857319947623173,2.6975732531300283,2.2962843862074904,4.6343809006753665
4.0968035183090805,6.760618393078418,2.5425923186838784,2.7731947077485337
4.765264558869274,0.2089342185205308,5.077989667898003,3.8435386240722016
4.841383665181117,0.031902350544650904,3.0830443919563835,3.285233193991994
3.5915626717534357,3.0306709445821496,2.6449237710392874,2.22279830128868
4.071208155945913,3.4459563762101872,3.3291008237659687,2.848145734747695
3.5057644169651137,18.933905616651625,2.5778685920430076,3.1787841092186278
4.285633724512905,3.1186410188358695,2.1833854404351376,2.000621295971125
4.350107982242832,6.069852989882598,2.401206192561254,2.0006202702381235
4.085595206902478,1.9015915314827172,2.3567472175243616,2.583825839390673
2.9052224496561485,0.18998469718568126,2.3784105583928334,2.3814145863634546
3.8790905468378134,3.7459993941918963,3.4479550841902915,2.134213415727344
6.133372575975509,0.03171958018124006,2.0794693215911697,2.023029199423981
4.72219390878439,0.28356597337382317,3.839214565557976,2.2912296593880317
3.7284452597466027,2.1143555711376623,2.2661136071610697,4.203620259180237
4.040769126723532,3.2833983696550044,3.1435454410911134,3.1488457069765334
6.061985789636438,4.606248470250496,3.381589936486035,7.118670600580374
3.736705425757689,0.7138859432124032,2.5190016449584873,6.320555418283531
2.5387555394729393,0.3880509892075934,2.1456955466970076,2.188595706467748
5.34671703844648,0.022493309227968716,1.7670748062802855,2.89595592568956
3.9479534647275143,1.6207349132952962,2.5476074921559824,2.4679738770010466
4.085761669837253,14.511855231404656,2.7555503678084294,2.065611383322051
3.481200415172158,6.674084645792947,3.290430434473687,2.7441499729981227
4.911433276852847,4.547698587261202,3.044112964438639,2.1460665406206734
4.237830674868883,0.5058393896675308,2.2732209454224472,2.093804535200941
4.467052510426996,3.0535101342479716,3.0695414913276378,3.35951401985773
5.104636326937199,0.17976496475032708,1.9942847496120122,10.456086909168238
3.516847252425517,2.2552798193172903,2.8480451055476963,2.9949853120285366
4.725793479273493,1.0101972759373874,2.2145176623579856,2.154574817378274
3.40629640629358,3.516004743978133,2.3628060674988416,2.0460224977386394
3.269175479682841,0.6283321092940368,3.030082664442215,3.105891423046514
3.91550211257095,0.2125744888015278,2.6677748713438594,5.454184419756001
1.8348528379496631,2.8504956006048374,2.5703799191778636,2.2571923082441043
4.9557037874979475,2.8961724043509927,1.8004231934571793,3.3047161606836655
4.303755489488976,5.792610408131727,2.740370535707869,3.6120735674655258
2.699953748982242,1.5359216781123006,2.841957914043644,3.916766190869374
3.7258334526644785,6.30520958588218,3.5915585093656155,2.165627456817752
2.7645764713601677,2.460029882880503,2.1582983524817387,2.5684735955300644
4.0865866600543415,2.3940477193950267,3.8196650682782827,3.549168018160145
3.7434631821255127,4.243892204490297,1.5126597428856086,3.175555466014172
5.0824866177141,2.799339579951324,3.1534490156560153,2.9100496326022953
4.3891157747035505,0.9713677235924276,2.948553914806629,2.1277249522438417
4.570279839353699,4.88044394619123,2.631925288624465,3.274319895315107
2.648433127019442,1.9090123178563796,2.684528911865851,2.2113503796865706
4.591213404493593,4.936432794803146,3.181185439412117,20.556407714554933
2.998713163351169,6.488396267512528,3.7887384221734783,2.0761509115556303
5.166069171516654,7.116782653468839,2.308930566707324,3.5486873364419016
5.7701123788281,1.5073201608269882,2.5730437732550624,2.222767911155692
2.876756767343376,0.12932796852103734,1.8741888049095325,3.7740600285449224
4.472392696838949,1.2914244932262613,3.6393538938121597,2.9391582360559596
2.067397640118638,3.3685346939161573,3.373335770450599,3.527924241353312
3.690979489264005,1.722020303992644,1.8757256449251583,2.6514364432199597
4.24179934839262,2.428662049594571,3.240678165018228,2.477848784283565
3.882382243436063,2.4557969367027,3.5817719411060125,2.4685914429284748
4.456006583682583,1.2636179437286275,3.0496612766362783,3.151858165894222
3.1987811269132616,0.8841093467407375,2.203301662119545,117.07897378848561
3.078755705740829,2.5818921100830687,2.6636563943816025,2.0933130394481667
3.0822323129272906,0.5802214324685938,3.2238889742599883,2.634080655890568
2.5902846285163927,3.5257342877736875,1.9618157360171522,2.182470201838632
4.016688142127942,0.18241489515329906,3.3545819979378426,4.704976509452655
2.9247981995306676,0.906034974307599,1.6366324635603873,2.579358657924011
3.7487225334737815,0.13947748065360321,3.0588345590038553,2.2099184440757713
4.497852048692614,18.62026883229851,3.9907278686504806,3.33740731586876
3.925462066221846,4.349745435869134,1.773456391184364,2.120554752143632
5.2365090778860495,3.2880341780063382,2.8452466610050307,3.359799448163976
3.647994347201435,2.928326453622975,3.304228902589736,3.05240604881362
5.030100698578174,12.931256271799253,2.8906911126040207,3.6721391623300708
4.750741543201592,2.1745708586654895,4.563890640613595,16.074728656809018
5.992289149039094,3.6848454602704166,3.627868057669589,3.2577787780499365
2.6323523584295696,3.259527750706526,2.3292691634147156,16.077283420741512
5.248971514128854,0.19153758842129018,2.7531553889840077,2.0586395495092304
1.572876985842012,0.24444281209258872,1.8210687689763243,6.249382244395533
4.0884946847609545,3.2486549556892808,2.051673809335622,2.069919803653386
4.934324231508085,6.705890562085845,3.148246730729749,4.898192793004798
6.240586303926048,10.51916281755485,2.381518356407479,2.312259720922638
4.980346896477477,2.9585398832829832,2.7276761462544554,14.581053786046805
5.088590110936035,1.0654793148634654,1.781642045897168,2.332948793688247
3.6063060813919967,10.913055515001414,2.262313073783041,7.602009358254234
4.700673573845841,0.9192835969068193,3.892756313451069,3.2532327644172647
4.467469459838124,9.936986489083816,3.2019330517570275,2.4543986509770495
2.7570944149432197,6.153666158451162,2.6952221874756175,2.5208934040342603
5.295568758713529,4.811398830210434,2.1754171119660204,2.190111744786021
4.2629758389914425,0.6420415048949397,2.674188630364193,11.286899303297055
2.9886962751325346,0.2862269967603581,3.421905338997431,2.213033961692839
3.204454686464744,8.951498679675542,2.2058520634360907,2.181643074273538
6.105972238841352,0.4754281926627415,2.316181307784145,4.310743408137143
5.015873493469549,1.8507087149413204,2.3904949274648013,5.011578263673142
2.131858244917777,3.6907948876912267,3.484469767068258,3.5826267754948615
4.318176163824922,2.103762597271835,2.7269147521913806,3.8915261472042837
5.363570847679925,6.42775888021637,2.629644505558652,2.6526117731674175
3.7523839514726083,1.082486514862262,2.037453811761191,3.205543239263901
3.5428313472237036,0.32183416418530814,2.860605614048142,5.545138238541543
1.5198589866483836,0.654777046511271,2.6823230273150487,2.598665234461188
4.689093601410727,4.676554427936361,2.004406312039142,2.3663855156685214
5.301286765101752,0.9711077227182503,2.4665257002783436,2.7166852432672206
3.0890552611263504,1.2319583899125026,3.2841092884439465,16.05602000170083
4.074489331382204,1.2830496613496014,2.015659682145279,4.124984190898344
5.091045894428577,0.5835590842167571,3.6273642387254648,4.101240879741781
4.951136539033978,1.7377002878613297,3.2001750575984835,3.066247979483596
3.0714017761301857,0.24265698889625997,2.830523830316025,5.4186191577989895
4.875615403590538,4.206535637129127,2.622452522901128,2.502211313963594
6.320146735838819,0.3640523211183922,3.5513709262688966,2.1057118219927
4.3993402382160545,1.4782569523517872,2.2144548293276554,9.659713224934194
4.524395330173608,0.6369014672640543,2.08894938775838,2.2547592145864317
5.633088178301776,2.1781260806716234,2.150301864462215,2.167734283974885
4.0307785958719,3.9134106524940133,2.5043411183690845,5.316475315701194
4.439013995045572,1.3891715930279085,4.291100574161966,4.092226655836804
3.2121875672945626,0.46812796565554815,3.1815245069150615,9.113454406537395
3.8560508613902984,0.6455874438545282,2.287878224826707,7.8576515243897
3.6243440418089987,0.06395319323445069,2.1470581587048865,5.298506501588977
3.8368380915191946,2.728917448787279,1.814775510240754,6.75793214586675
5.403160610534013,1.659687139420015,2.471157824636151,2.2874404074301427
3.871087226378946,2.8939996012735323,3.356223562641394,2.722727491143504
4.758606266973125,1.7862564463751962,3.0021003657919594,2.7177833551360373
3.333185384484777,2.2259460945801934,2.6833836770293176,4.7046469144063545
2.95099963649003,4.638766462848773,2.236143395255472,2.139160983925789
3.589222916025759,2.348599008366432,2.1841124307589403,2.513164335956488
5.359980070715249,2.087242375543589,2.281825025538986,2.623958990570387
4.11175126442309,0.49290986388999625,1.880445311197336,21.85264702763812
2.7823931163827513,6.0724215280851945,2.8700871829692485,4.613743560167112
3.6733321756704376,3.493477195570173,2.2262456087898133,2.8577403635404703
5.135991633249702,1.371166142743512,2.234965234119803,2.533134593806489
5.892811182977548,4.983030286249287,3.645309260214304,2.4217490936579815
2.9591906923243263,2.5683967865022135,2.1002460905332314,2.135662414288637
2.964489567881529,3.1473161684207422,1.736603774034879,4.768845171882488
3.1785077196840925,5.85599983845198,1.55361932102143,2.0093861909625157
5.256428440842981,0.06900745706031938,2.139686376260696,2.329055386443081
3.2764141688254584,0.23844237093620063,2.6331396960123588,3.1151408330121386
5.89237289322395,0.22053967493859958,2.082475488360034,4.511048345738384
4.953649973126601,1.5119963255875757,2.8333707349483106,3.7586178289989625
4.993304310762597,0.4354085955551961,2.166392312614444,5.095479727676188
3.279514700161174,2.2854655720322876,3.5019035790870645,2.1625634725437908
3.2111608826946423,5.516047630022739,3.3100152608665816,2.9579952172734716
5.500843342675603,1.4319227041250138,3.5323339761331454,2.2759447060683735
2.9767541135632576,2.1628459407132503,2.7193142804875174,2.012097031967548
3.9799554659560723,1.4955775949997872,5.941485161793683,2.955279113976924
6.039266564460662,1.6047305530550005,2.371660715636852,4.1638933608376005
3.139555677955996,2.5367119946165264,2.3557760096574083,2.1642907113740546
3.9302664108461554,0.3745708988564247,2.5366161444153237,2.852113757135773
3.3499073687879335,5.126241016266819,2.0140019928699178,3.607205993431333
3.7883972157359955,5.165048429385456,2.394715260777851,2.8459836857754452
4.7720005401654255,3.715052581060355,2.367821737964646,3.310673009377734
3.493151357238745,1.1687974802378107,2.8522777111190725,2.4298791175998806
3.713419175765147,0.04574774539568103,1.5171140937577274,4.638071960712581
3.093640149873499,2.31571954377422,2.376407630801147,2.0628507331987778
4.376202238953889,3.1646164014105036,3.061366768503688,2.4352533353076646
3.886659686669543,1.3718473063625503,3.2844791101231237,9.56664391904207
4.891269466330605,8.630912084170014,3.0640195449593133,2.840454231680566
5.822714185986962,6.219114260051296,3.6493899724838834,2.262044996529078
3.5574872468430834,0.5765883930090043,2.9593117103039313,2.028089562822976
2.8623982150299634,0.021123544278504786,2.9474357857918276,5.303058940230192
6.168134366328033,1.475809187707052,3.0892950212229655,2.2829780801200887
5.19866184711057,5.4487883270431805,2.85370306418272,2.2146629740960533
2.2604943521617553,2.821143169858844,2.464475516053422,18.49871545768674
3.40996236504553,1.0146203320092215,2.6994021671696204,2.29824700313077
4.71235094601193,2.6113298230858657,2.900605671755606,3.099234202684168
1.881794901054723,3.5843389976582785,2.6996870929622094,2.014727839118847
3.959551353832338,0.074230579713495,2.252386239932682,2.0731774641827063
4.764357080498593,5.697891026234385,2.073515272805547,3.3608491884187472
2.2697586358590014,3.112495644498062,2.3132729775356533,10.794525616692292
3.3181204370581256,3.079304943540844,2.1248637647070923,9.900178948819608
2.617450466016301,0.6256842166398459,3.8309435452952307,6.4502900381258295
4.074702273366458,5.437650998771118,2.865229868811349,3.4169310374376836
3.127859067802344,1.3907381039796811,3.175725582186389,4.332906738978782
2.436886013470576,0.3212590437500355,2.75094242385717,2.495353105067145
4.059926451205935,2.9898090877200194,3.333671622340962,12.570088760265758
3.7890084655941694,9.738089886206469,2.1061588820112327,2.2645184819090436
3.241626292578516,0.08787800287717336,4.595552913375387,3.0317909659744826
3.175871875983797,2.2897643128481757,2.475951091197754,3.990545277685581
4.156750292869256,5.547017803237352,2.022349783310361,4.920449917386887
5.117845290385421,5.04441120436454,2.7036713766111062,2.1308151909745296
2.6475608833600695,1.2724901188511801,3.3167863946384304,2.4488257604071033
3.9221926531579774,4.014704301023017,2.7287005232937616,4.252502998106525
5.011168466581591,0.7876144758049863,2.7978853259604417,2.0397505322071456
3.8636758333837995,0.7478181144526352,2.047290052912019,3.87410902427799
3.336967669019119,0.6015291681310734,3.366207587011448,3.108370791442085
4.622832697682423,3.1344309011372675,3.949034740091735,2.4050647108553043
3.8583009403259556,3.727761403031793,2.6092166691203427,3.3362203815872378
5.313542742411174,0.23988708881257126,3.259968092918852,3.22527575615696
3.4104875461833313,1.58085442819023,2.3016324160018464,2.1856340281101567
3.508725849553283,1.9556535582051486,2.247094723068463,6.647789205747059
4.288360471739363,1.4914680410747971,3.256096047714816,3.53288911235596
5.071242729378392,1.651724746093497,3.329546753328622,11.113241508690567
4.079075853537076,3.8351604700964073,2.109440674349818,5.9557014252268905
4.17340667665846,0.4146652471800434,3.9202503159978073,4.681814426596114
4.507929172250949,4.936614180712583,1.9688714621167218,5.346141960171261
4.521394841898474,2.059508632160666,3.593097474364009,2.553224736713497
4.754707041811424,0.4442296538679374,1.4758611241517812,2.994462310391132
4.618604028710543,4.341030511390076,2.3542148769635003,6.312675366320913
4.189480354174134,0.3072531702430967,1.882555931605718,2.4686380284298957
4.076618585340547,0.6261644385774413,2.032651922726459,3.521278826757164
4.3957666853392805,0.7659492350008655,1.6453860360628378,2.618923181080677
2.269740274656736,11.14714933935397,1.9175126573423762,4.2671472611471355
3.6676648896705943,1.0057987338022065,2.3013227883762535,2.1468057513323497
2.291636747372878,0.8358681400707587,2.7723860608571513,2.3585419774281227
3.8652893203816534,1.337852746036327,2.1579310435247643,2.0955175294636237
2.012554677830939,0.25445915566786326,3.6155764895338627,2.1831353483905147
3.0705535850626458,1.0830039145314705,3.0025680561500248,2.6726615812754653
3.6028558503426105,0.613968817369388,4.080673735475152,2.9185399317954706
4.447112185716495,0.43662243651173116,2.877369087029976,2.3839234753399907
3.069510287528991,4.232397660318681,2.4625794155573635,4.30559263448996
3.6783422057005652,2.6934510529452003,2.112317946434757,2.775927774877812
4.555009976720389,1.7355305458578485,2.0478239379912786,2.826782071677063
4.891511402768221,3.438805121485093,4.261988788380687,5.409026863297817
3.583826374755753,1.2287630201010937,2.842878544114083,3.738189180672406
2.6536934861138928,16.186900803011028,2.9469426946867743,2.1312580375639985
2.531468442217869,0.10688663522923172,2.275100700598375,145.4620037590822
5.0300547477718105,0.7900208198661358,3.4440566409602322,2.0960509153151996
3.980333320968062,8.052330905288503,1.7208233495181984,2.2950395101811307
3.8175382836430667,2.572368840889197,2.623324923534175,3.0449994802211005
4.058650585194525,0.05395109531329373,2.511958916704872,2.316256161274452
5.186867014809574,1.2428993675554456,2.689882356929752,4.8103790188015925
6.224561836929208,3.3640223612736904,2.8927547325733554,2.1538119958348947
5.102607348333827,5.931397701964454,3.4446806771237317,2.4473311697785496
2.2068490671434255,0.08224898177978152,2.44695282008297,2.430530845279735
2.1277498045147096,4.233785673296337,2.3421316899800972,2.498709975033462
6.775817244305237,1.4228532763989823,2.0051712677094953,2.1019719098489222
5.98293553770484,0.12791626862043837,3.57910030142612,7.385721113742432
4.43034770644795,4.6738785618729315,2.397614184717761,2.8355261452178278
2.6763827488618808,0.4005685297749022,3.2008869620689393,6.892759310184044
2.831068685422111,6.451113322239594,2.4166063714352655,4.650355607365216
4.669214127335609,1.8582280525057668,2.859065732855313,2.1238579793886143
5.479654476013302,4.867625304155261,2.893341499178588,2.142101102595456
2.262654508036207,5.933197542538066,3.080536128811803,2.427928473606711
3.368517878832934,2.269940180637212,2.4882242419308005,2.0982541717613774
4.666529354713797,1.340360472501794,2.813577937530112,16.593509047318683
3.037382244736917,4.636225909236947,1.9396351981331132,3.89385785713534
4.913000507436936,2.562228672207913,3.095824436200589,2.183140145361099
3.8155322543503885,0.5805418106675492,2.8358303896629695,2.265060312545431
4.501109587761937,4.0029390274154455,2.413633161709705,2.740824663898817
3.6654028385724056,4.741283982252512,2.653582337476646,3.13915768245295
4.287273330735593,0.6595254345579715,3.097754852098211,2.2698148004421874
5.56266430875675,0.005568449295566684,2.848998557075296,2.174806891229213
2.2256693021533493,0.9244412367532759,2.64002175218224,2.0517015890445482
2.6044140305920847,11.41869517023517,2.6042944792352434,2.987766229278189
4.158471215000291,1.3948080291430456,1.9238469934016482,2.932122835131145
2.606608175977066,2.632667038067714,2.758039973317187,5.547303040064205
4.205696675143926,0.7234209227545754,2.539818050937839,2.0486429567813436
4.149047610700279,7.424045922307911,4.290074779641606,8.538984763843581
3.3726979284254623,0.4349635430681481,3.6515902370076962,3.3774960310262263
2.3966526771137318,7.8805862774396545,3.0024092080510787,3.3440804058721447
4.409602373766384,2.3918423271169393,2.713157080656216,2.636044825374163
5.106605432420344,5.658293676421255,2.6026107529643543,6.257310501343637
5.298033817715667,4.589581218475301,2.2851769837397384,3.0454787392468576
4.845951636014373,1.982710163057889,2.5357977844115096,2.543211066595817
4.866250894504331,0.9757317881460672,4.326761564701431,2.159414536582991
3.327923244928155,5.90990338321156,3.187845028763651,3.4716366043649027
2.6535585626133225,3.6326481455433948,3.3406602854380743,5.794154858889479
3.3361745637287603,2.9858607880059767,3.801881904861824,5.601898780038878
2.8941784460092177,14.25867280303264,4.156154154040957,15.734114269209705
3.9094164269565135,13.635094152599669,3.210831585634718,2.1788252065138645
2.9431638404694507,1.7774048870043,4.239938219427262,2.1188782660587857
4.645969983113357,0.6857955255500843,2.839169901865835,2.7218396050712363
2.324649754029406,1.983240508820601,2.2625986692560667,8.743682879452786
4.314365750529765,1.323578078868139,2.1312817716844936,2.337027486863226
5.957686165126555,6.610655282529544,2.930946992946644,2.5926552631446422
3.8543123591266415,0.0567713686668107,2.055396333623425,2.6649917334153734
3.9454577056610876,0.31198106109149093,2.287265397310917,2.3816987243556147
4.623692356847696,4.480960789806363,2.614670316250549,6.796548518771735
5.612741571828986,2.8914844763050116,2.95312985869482,2.591923670329615
3.8208324632613944,2.1852893307202272,3.228577045380496,2.3907470069152077
3.2639563672970855,13.1237355404038,2.130499844846704,2.157159971840548
5.548074116090916,11.498588623899103,2.547115795643079,2.6236640407385
5.51570704539767,2.493341156006315,1.5671880072916005,4.636066297791512
4.043358871467184,0.7307725538553392,2.7923926348413715,4.8688802405605935
3.611646069478024,0.5215651356548848,1.8577088274637816,6.65613954334776
4.452895144956302,0.748297351329866,1.9303106404817194,4.041086149309928
4.90593286598995,0.18698459544865,2.4436067269421744,3.116711412223036
4.970109551098878,3.083521204069764,2.9324938171657293,12.39905341907613
3.2550640445647208,1.1343766396643662,3.160851600807319,2.1121788211912205
4.099223613095402,2.2941353252357493,3.437769077240374,2.518166309930922
4.161348033880002,7.458955752588118,2.7991791461993483,4.534806943121866
4.017834765291701,2.020611400570564,4.0060821225657905,3.402495999859674
3.184723012008684,9.548118527694808,2.0275719449124874,3.6329028650874915
4.146470533046679,1.6541824552030644,3.9651021965988593,3.306753267605456
2.9504578276729947,18.355568600945606,3.948508698861216,6.017935870357747
3.1180534405488496,5.09159969720481,3.093603812397883,2.0060286208014713
3.581340955194682,3.9289380826569564,1.898266842997837,2.11013807537444
2.954057092162044,7.006004057584633,2.7720951434816743,7.972752708482489
2.884633632319995,6.73219396005754,2.968379876448316,2.2221185537197337
3.8144602420794467,6.426801944982219,3.1695113526876533,4.457427952271991
5.228195395146587,0.19025406763992597,2.2008293372285253,5.748073684222037
5.152607710778385,0.6998449425311293,3.5142885588863404,4.008948328190273
3.8177047109927575,2.5441694720913457,2.3552330240371253,3.980342232839544
4.652091640818517,2.2679571823740847,2.13585288540158,2.8342655742980547
3.929556888446319,4.69834699997889,4.332963108107628,3.357147216151461
2.9256189715607723,0.5865187892652369,2.783123784464204,2.292873163270579
3.1711666559081984,3.8098225644683215,3.6039505006776023,2.5953444512920703
3.6469607118196468,0.2556555989925488,2.523209593595221,3.744543588887965
2.3784231540303526,0.4610892701349033,2.156582168638665,2.1954581302285816
2.7612850184959017,2.487497713351618,2.7412566178842983,5.171201359250515
5.114006783458362,5.1604727169801805,2.531652716585621,2.9953278194606434
4.279713800460446,0.8616615822200714,2.6622491666797345,4.558989853803477
4.705269162466891,6.099384471835446,2.585305795219514,3.2245012891730394
3.7040664937073853,0.008097667269790063,1.7669363901016546,2.783661167193347
3.61793288967038,0.9354750882408589,3.120560197046127,3.3669251702206364
5.061870921035848,0.2895479660341932,2.130311361779629,2.4459694635000857
3.548987703139867,3.146081973696335,2.599059625425482,7.893920523886271
4.931189946685974,4.695632768005041,2.170581648613969,3.3368287525436084
4.6157670533217825,9.153102652642865,3.575555091228019,2.3304651561540255
5.218513546300807,1.846641286442651,2.5031896143517893,5.2261230364068565
5.678667096500439,1.0124464132553619,3.057305015755673,2.2764028782640975
3.5974461837990783,2.807644388162908,3.192121756548595,6.55665245282642
3.9557776755812752,1.743936756855972,3.5658608120865956,2.4688313716988404
4.733074195759055,9.311331115761746,4.227797398897462,2.3948502251466124
2.8147255347741886,2.536218454966464,3.7028816892332284,3.5274112317716297
3.9953240022596908,3.7616036442013754,2.0433298818630545,2.09827735304097
3.148752141711557,3.7199044830629617,3.4032982603048394,2.143750632581844
2.2758517571464143,6.430997053722933,2.490459752337142,2.0778277906338416
4.522353953168249,0.7587009515760893,1.9945565617366634,2.0173577626263546
3.367232385554147,1.099673017895968,3.7527138161248246,3.3725462954356566
2.5813157851900685,3.6575572055286845,3.8189043157737483,2.2262593573301097
3.922451506145942,5.120830368827809,3.1681266971219273,2.816270203370548
2.8497429574415056,1.2722341172543916,2.664054417870726,7.2507017864067285
2.9399338686402734,0.01720806448236789,3.309984624691968,2.256162355186058
3.9820435377135754,1.7054900278299316,3.201781526765303,2.585924800218032
5.2569612639842145,1.2721313441088096,2.5298207974817686,2.0527639832885005
2.9159689132032387,0.606725187996362,3.313751595663187,2.9214581351388267
4.209959862603675,0.002615350028007137,1.9325511497848786,2.3477173920573113
4.936939337522226,0.6403636525155831,1.6482291442013162,3.134965691156818
3.0336239448782774,3.6461519968763394,4.034548919671982,3.0519878722242897
4.825211256070534,2.468370007984248,2.2309656981857047,4.927682686610008
4.409879851886997,0.7421179033531825,2.3334712824743704,3.4536647775560523
2.603845754956123,2.7224698510346057,4.3991105187534405,3.9627573925427613
4.535609339217859,1.268362571912702,2.380034781993483,3.17126106120057
3.960633789920029,2.4167457272117865,2.8230588010766366,4.97178457714553
2.6646820615339335,1.0070771875167224,3.215061345562422,2.188824245746521
4.596956366982911,0.06889220625323769,4.122448018301284,3.1320250756899912
4.220154099984755,1.8302807054053973,3.0442211346452135,2.016657472964992
5.95281253180541,0.2980046517038446,2.909088816902458,3.0249766235535995
4.432652712257654,3.3083922318802372,3.1478811681045333,3.077346878859282
4.687496242366377,0.24535455042277488,2.928193516886664,3.158845402697316
3.5696140269773724,1.7980366885753283,2.816823355741009,4.574713817654866
3.927905972318258,0.6282740205233046,2.6688724959581163,5.735514685048978
4.268367210282421,0.7997748176488751,1.9773322678381173,3.1053071293512606
3.0324704443736064,1.6159692117638285,2.3061106581392843,2.1455558816196794
4.51829961731544,0.1841956680487341,2.585416386658066,2.0116088408556627
2.6789336112319893,3.064898797806121,1.7958446633743737,2.428487977554163
4.799474453953092,5.70281169897019,2.503561708256547,3.2314895690556376
6.092927020958593,0.9589979479430163,2.415176635426182,7.067802845692789
6.122805723121539,3.8043895461561785,2.4526648167475753,5.03573209772638
5.749512316162065,2.257705428831453,3.6175411574436396,2.2771197687743747
2.581297359999267,0.48359214716012633,3.6431523414161564,2.094575808960431
3.8764386810389047,6.282960685154522,2.2493948967915225,2.0997655346870356
2.893667102555532,5.7332706989609115,2.6898592296744592,2.8077652173662404
2.956444073378867,1.7943275313839082,2.9554619535940327,3.1112783984738215
4.812257166109701,8.250906701190543,2.885047295916246,2.5382933477389775
4.031168639346973,1.201261916843246,2.779955069661549,2.282240323371158
3.9793865924485883,0.8303222213989236,2.6620474096708464,5.111088277470823
3.842473090338539,2.361616236694222,2.716308129727651,2.0988561235742322
3.9634746882406318,8.947621387363112,1.8984682437538258,2.3081201831258906
3.438274673615027,6.825511427496234,3.8080830404301795,2.471732076463646
4.267411097394653,8.100506732533898,3.144040074788481,2.104040364334362
3.6483757277487223,0.04215733603246914,3.5923491826136758,2.660894995458418
4.9443188881203515,0.7127821492271789,3.25389547307752,2.04106405225382
4.563119901064657,2.0148310304284385,3.244089383109399,6.535278365846019
3.3419714312652187,1.4854531693518473,2.1191224606541468,6.105654557888856
3.634270561097049,3.5420810991321967,3.5141216245942335,3.036486173957173
4.520702895017127,1.0609157274636796,2.335018509432288,2.2189534864032896
4.763092576409145,0.4783451598216205,3.0907807667967884,5.819593372640822
3.1696032141009702,2.34920940648387,1.6092362188130858,2.6406362702470183
3.115470550007823,2.577723637662179,1.63027338852325,2.03129708026479
3.522800151413124,0.7346394358446771,2.341983046930735,5.669385258137119
3.0468895837116774,0.6054639507700602,3.0590560085547023,2.0351516997314905
3.7442180706488575,7.33520395265568,3.2610708552587355,3.671652120308737
4.95883996934165,0.4121558354462648,2.5757625209047594,2.8942301317971633
4.372083161491102,20.80883229226597,3.0290527309419066,3.4062384765504157
5.6014273443471305,2.138414216957481,3.0541294425751087,3.102025040146333
3.760816883146266,0.7648747827191705,2.9988317983632173,2.964849456576396
3.331237147041548,0.588332663160883,2.25492970080377,2.4694785081046406
5.512050970264465,2.2888834049264046,2.6269518677127826,2.3611815360828508
3.9695344813260345,3.2637613745745773,3.8155913588204693,2.2311938745968307
2.2066247992574572,0.20951616496788533,1.9278128666823313,3.4820127582784135
3.977893905018716,2.3000283206303296,2.006936213988292,5.843712146400259
3.4624507048977713,2.5833418660294307,2.6373046713232946,3.753379705370698
4.085707085520619,5.801559077644981,2.66292166395755,3.657249680978154
4.80516317620003,0.7238445137575648,2.440399864634442,3.4805641806613767
4.05473183603825,3.0710677018289045,2.3332008693826,2.402639765558806
2.791456455936575,1.006707312445231,3.6744999062520045,3.0402162182048764
3.474309933884922,3.0326064855273325,1.7769002178408047,2.9275209113645895
2.8527983170979216,1.756656615603359,1.8238757309895635,3.9642771064027835
3.3172892860611602,0.2518421905879913,2.2956563448103453,2.8315389704801395
5.014341562046604,4.4917844424596955,1.9342040470868471,6.432042411623699
3.1870003795283584,3.830669503035308,3.6857628842884536,2.957081974003392
6.088970883176498,0.8152502378092238,2.4344846431217073,4.940554446706239
3.4262992856561776,4.194980784464675,1.8685644295864623,2.066179817442138
2.3790807664315152,5.608723054700637,2.668677018936224,2.587262911910142
6.394220352444408,4.593837914865347,2.3399901353385406,2.2152332920368134
3.624773827112344,2.680626675824173,2.137069318432878,3.5434034162400203
4.062704151543184,5.4583198000273025,2.607327471994128,2.232159344536292
3.4937410709303194,0.260713893514146,2.378211925322235,3.153514261167249
2.0493117772200593,0.26559369199731925,3.4686470916128664,2.073471539227906
5.341883662401356,1.2035115707593182,2.814915303338394,2.4355774620510235
4.477350694663806,0.6840930455511054,2.0051107143072255,2.7064066930819926
3.38000648601156,9.828441729686258,1.954215463882073,3.3753059534115835
3.4576122339330286,2.4037719621038214,3.938113956086512,3.4118918547238213
1.914729472272179,1.6625471761963309,2.4848280143879418,2.2138543757934643
4.67062158487931,6.201504956045326,2.513866502751829,2.180953151114405
5.242884014943907,7.6074629021931575,2.194648427853237,2.250474106834015
3.6041372578620168,0.4973337322908281,2.075115061685215,2.5294235023214964
2.8353295897401134,1.8613203490657206,3.44610899559679,2.4787746916125837
4.049586996211697,1.0467675821654217,2.9475591686011615,4.076713849632299
3.7044868724843614,17.327167546665137,3.186522257243459,4.743412180103783
4.063657251129361,0.4836555157168948,3.319820237508087,2.3473712497529906
4.365859041136559,3.1081786796747712,2.3687995001675652,2.3136207331155183
2.6627882293373704,3.5217115712126184,3.5737532441443824,2.1813367352765454
4.058276632915352,3.3825637745707495,2.934477835017068,3.7094999107451887
5.2056795579006625,1.3177553698510378,2.993575710837777,2.0100671323404353
2.728841059770616,1.5380602744497742,2.873759630850334,2.878134864571305
3.966257852162858,0.585719231442668,2.8701456669378467,2.1965045031858996
3.5489907791749773,1.662260195098085,3.005495384988193,2.3954352648755397
2.776748072582344,2.410803831657701,2.7042268376823286,6.3708357462580025
3.730346713448422,3.286129794068873,1.4641204945365751,2.7427151056082395
4.535824006501257,5.5631934945831265,3.5285124886415202,2.169516269415816
4.260404081973211,8.49400395364908,2.2813982173499836,2.955506384641901
4.640215033573758,2.9858387211389337,2.774061170815172,2.0913381188757514
3.7403896652378807,4.047109190461992,3.5788103180268203,2.2106562084807564
4.169686298750102,1.0054544525464688,3.6513183467340697,2.357192509528595
1.4434405617013906,4.320846822076739,3.188290811122067,3.1673713828038643
3.297867268590633,0.4513732040331794,2.304339848703131,2.772840752365347
4.4896850124703,4.1018721479588605,2.756255695496564,2.3892693625723433
4.453259017960296,5.102727268019756,2.6629596705002347,3.89976664100747
2.344585675271393,2.0708007823175487,2.99682617376454,2.250701871680971
2.1139800475693034,0.563939081988284,2.9598022373445647,3.469026529663414
5.072853219549436,3.538182010928483,4.028750284666256,8.149706888074743
3.5640454523105523,0.5875550159090708,2.085047521389972,7.859541790421753
2.9136217708989234,4.931502856543404,3.4932481896673204,2.3146191047029334
4.681795656347791,0.6818109232537478,2.816641150322948,2.9821292959667685
5.233900046793471,0.018874662557316745,2.16624377394326,3.292984199868831
5.515123781160445,0.0009093428340185808,3.7775033530056947,5.6324716460695345
5.261248382561922,0.2079011636462139,2.9954736947943275,3.7696272262787063
4.946841905588154,0.8723309524595271,2.4967035493927487,6.9467431376745274
2.814750439465584,0.9695098005054821,3.661640114644091,5.403495631310827
5.626254154512612,1.4153974126342814,2.6168138142451447,2.0339213292932556
4.153082344938214,1.1333382815255657,2.9799642169758593,2.169633292105293
3.2491597094534175,0.582757518921426,2.2858075643663938,3.821800344570122
1.780534976010299,3.889427350571385,3.553110065931521,3.6899316412442587
3.7920452833101685,0.4912052687707527,3.2708491482054143,3.374521045093615
5.2455713562835165,1.543402600419765,3.5344681232864117,2.975928985626344
3.291228546545325,3.1604222807576416,2.227850004694107,5.4765848977110885
3.8035579987075856,1.0664744001774198,2.73108933400859,2.8278762242617557
4.294249164653576,2.6108834587086758,2.555834145024441,3.4923020712052653
4.251650551714091,0.576828534103185,2.688086247213224,5.686136632764532
3.349608110647581,2.208403856419868,4.728656706264962,2.9671219771823534
5.1863293444145775,9.524881165282958,3.154467248173625,2.9469804410781295
4.577170536802679,0.22284844116094418,2.20654822436558,2.5072666712464184
6.119442043904538,4.437636679963231,2.5892688803535657,4.5931149388715085
4.504178477500003,3.3213433587779813,2.9711737512365466,3.9802571245566787
3.285932649113655,2.05583875505146,4.1574632748312315,10.389934533628912
5.595923323251614,3.813022622251915,3.1990024905861767,2.495305318997511
3.670736406870059,2.8292375353400367,2.4164566125625186,2.256408170870756
5.785511237022699,0.5286006624769253,2.214140953089697,4.597344190922071
3.4149197384969203,12.846775015763846,3.3892943454861584,2.410155949404824
3.6849286897257487,4.486887666647245,3.1855720622421817,2.36435246073957
3.568723858063764,1.944859911866311,4.165943631365916,2.4594907618538233
3.848457345640957,3.381442503991594,2.7164614763414137,2.0612846448141293
1.7704476012959054,3.6318710598381765,2.5506625875994184,2.5561025174743097
3.1439642480034427,1.2017163006483882,1.6721231176898366,6.560546931963274
1.782422821962228,1.8604340892652447,2.2994981631135767,3.1521341067818773
4.083495519127222,2.282120050808014,1.760326417748462,2.1228099151545345
0.8760385881682278,1.4924609444766876,2.077141663354216,6.797397704295214
4.959574876009673,0.2317134503556593,2.3138126479820404,2.447621493611159
4.430434935107727,2.916656083567908,4.036290762698297,4.546711576381826
4.883705146992471,1.5950432994517514,2.8372949069709827,3.655018860736043
3.4041482928863616,1.7167561286853146,2.191515783266148,12.605089625790567
4.50030384174487,6.082555482185439,2.0802054883462473,3.849661201764047
4.324668623373292,6.975253763815106,2.6513755069288187,2.434902030064051
2.02589638729098,0.32008266692856224,2.64054137472246,11.52481740272802
3.6648043381393345,0.9766257274976393,2.164119227777852,2.873113540845707
3.599523683558876,1.0123437254284853,1.7665180240157317,3.216740145474173
4.195458272667679,5.8906041790974655,1.1855515635516152,3.3105614485067054
3.620545598953982,0.5830238463272241,2.2975385223708757,2.405335521561883
4.400600483618231,3.087922097375463,2.816783577047077,2.0719108491574865
2.569842103523275,1.729726447170014,2.3317722496817512,2.1867755090450087
5.394307645578113,0.04476044784650795,2.4872896300114764,4.025432854929861
3.534400358350742,3.4906107220917244,2.54390201863791,2.029791527593094
4.314538200221679,1.4747561294827152,2.5304648266683274,2.8747341876568804
4.949247249763873,9.678313797928105,2.869760810759777,2.327054675982652
3.5593789852342343,0.11172487623565829,3.4239831866443122,2.2204723712862626
5.310983615715923,6.584640575761285,3.6126234453807973,8.85109805060932
4.372740672133224,10.06503132311708,2.227149670572465,5.952614787164466
3.7183018460475803,0.4748723453186383,2.253409815831687,3.321468550868558
4.29779392815386,0.13259293324836213,3.544519025125729,5.385046347863834
4.980495619638883,1.6208431991704018,1.9264950725937116,3.2997200426563476
4.158715029317181,0.8025292612512276,2.083243401012249,2.5910811717098303
5.356741586790655,12.571697978771493,2.2314736179319024,6.538635151413112
3.984793940521799,0.4827371368026864,2.353286855528319,4.742200674520262
4.553414586862048,0.3420146991070615,2.454343925787154,2.2026434758933227
4.450435454931357,0.037304442895583566,2.391079855951734,3.7076334137681908
5.342536548459963,0.6728250434263545,1.978892579656241,3.17442651029703
2.9503192835911562,1.0990392707801728,1.8554717978794997,2.1627556131910737
2.809282395292124,0.3366398851608865,1.8280037028523324,2.0454181239320235
5.668226085515334,3.722717034176108,2.3047120210249155,2.811559172774242
5.156823527211845,0.17240818714671008,4.228280859546653,2.322968683858901
4.23002997360238,3.9067583075428427,1.9311647064040705,4.8854885868218485
4.886956350245521,0.4429913855356057,3.66517274225756,5.153577817267024
6.420081035330418,0.8186146490121801,3.0214394257351342,2.8810797091944855
5.061290373724531,1.610953267775868,2.5076223734471297,11.520786212848696
4.810887461510155,4.3183252228298565,3.1772114658119386,2.8172356858767693
5.7119498317728326,0.96849595581666,2.4140346055823225,3.1738411807262903
3.611322147954926,5.766466012236089,1.6224118537522467,5.19896758131646
5.000303578331268,4.894173109222195,3.9389145032117416,2.8807198940238834
3.5465115944414674,1.6241529241261783,2.305023872316096,3.0565051538448835
3.171048912367935,1.5184551081592477,2.357395447709937,5.3716634884433025
4.26487450189315,0.1053959690380008,2.8020004259307254,2.9051687416399283
4.074772024842966,1.8500590860709472,2.3835534021218767,14.974316214442078
5.342615460290725,1.8178217380064954,2.005989771802927,3.5787447041952074
3.107977858914934,6.429595235393108,4.171154940625222,2.3330260551815236
4.621753805695041,0.2704602816403645,2.7060433751227975,2.1225465902606606
3.27154765290234,0.7944491023165956,2.0221259225453747,3.711801796473394
3.2126129893013715,0.32196339310225286,3.5049708814480702,2.769639850427812
5.955051420736957,2.061223527528596,3.079411485162677,157.9402056397283
4.607115131904635,1.2053012934943317,2.580769661665354,2.585522419758866
3.2855722150083264,2.5515821190873353,3.737220371378258,2.5487895703109706
2.681297561198474,1.1872663875563858,1.9186237958963157,12.855139827974604
3.457925602220915,4.008010042350384,2.1718670894595014,2.990098193773587
4.863072902210732,1.9926941036656363,2.0522841792791553,2.1798665313276993
3.685375270232527,2.2992297402066155,2.6398475625214086,12.988796928612881
3.1334863560151547,1.5104776959202093,4.166158872590444,11.199824880502272
4.595662790011477,2.358167251013371,1.6761093253349482,2.5367061932619204
3.485628453153382,0.7299957162493976,2.3204806091952963,3.3455591853146682
1.608341221349364,4.312400383263524,2.9997796333123428,3.9613390303104543
4.9427490959728,2.1118339323334747,4.3061797390707595,5.160179976257475
5.107536825823129,3.6702346628983404,2.004229854682619,25.596029353362795
4.958591063828146,1.6488170231403103,1.4018267525663173,2.782192531227353
4.540407234095443,2.1748868962227834,2.3404903562951036,2.3119030996943626
4.714730666752519,1.008792594126174,2.1591339338840063,4.113127761094653
4.300358258740799,0.6239686943890875,1.5450016676963196,4.080062588996554
4.2579858850331345,0.7859823363619407,3.5857520256334956,2.1126609297335865
4.97246105502847,5.33121161429902,1.6999214981033979,2.0098558074866886
3.1517419770187725,0.5615630254303552,4.536315996934448,2.7211139060385325
3.9830694967950473,8.198033301166618,2.765848222209369,3.2839075724360716
3.3237138515053513,0.09561872543443788,2.5496472618971895,2.3453996915438045
4.1373214727165895,5.72315080429509,2.1480266254086184,2.2666644034828662
2.9720311982958076,6.152713785605514,2.8777224633810135,10.908331183718644
3.4739255006739373,0.29043024085030117,2.7558314837084676,2.2712808018298913
4.803189256855087,6.596620279525573,2.4483065016134247,8.34778963320014
4.250825905064754,6.407984633180558,2.5442111670075924,2.8773367567310197
4.0910191117427575,3.1688805642689397,4.55292770501952,4.326641558246673
6.6993048430037225,0.3849094453500903,2.7299416807551875,2.748012523473904
2.927061090134826,1.3482006726432814,4.33389752382332,2.093687686810243
3.8751676849257453,7.640842841809186,2.3896019943200257,14.06012015334827
2.379717307633608,0.5181204780616082,2.369716939597039,2.8562222352537434
4.477035837102061,0.8508367808985982,2.3199598670822454,2.1558424046108855
4.032155932773366,1.8003326839934841,2.934576259617466,3.188460168848075
4.395968580976219,2.5904622458562434,3.5672124747055256,3.4755289180868183
5.263686834492048,0.35293163767175256,3.619677141711484,2.068641271562336
3.2120063621022554,9.557603636126263,2.1962319924945795,2.1025624687386815
2.943606229997708,0.31768004269102673,3.576521731901233,4.093415104078831
3.909659789648693,3.7552126582213647,2.800059806722947,2.832370250800981
4.2414848690572775,6.151752652083466,3.166501464606757,6.328535326299854
4.732797371141162,0.7068134278354267,1.8139322499159478,2.4151393866864312
4.812156929435956,4.395718538507448,2.6236587175638144,2.158333471630526
2.67918189348641,0.857073840352818,2.8008307947895523,2.4375031151738744
4.727124326434991,0.41015312914020957,4.877882279968959,4.464352441519815
3.6931089095843785,3.914195703017982,4.481472360631251,2.8823123357811724
1.9308388493130018,1.4531832879940436,2.7992482117717667,7.1722799031055295
4.136641130481381,0.5148653965614867,1.9696148905465232,4.303233031635305
2.5683074574979425,7.12774234208762,2.5310067726438596,3.2311849007282545
3.4635880615817873,1.6105642547598222,3.0403597297171805,2.0789404254425463
5.377271796147461,7.305013644004363,2.2209372477603218,2.439997565038855
6.114534449122886,0.02816650917877675,2.685580361203884,2.4811950121995356
2.194092638462272,0.34004010900846277,2.8820519505862157,5.234630817406647
2.8156430556242658,2.5300278872189104,1.9639643069066717,2.256093763092918
4.6857152226162215,0.6035475091148514,1.6871410962220847,3.664580250971028
4.5216846541612465,0.15286285410848227,1.4092006985247867,2.621916759396537
4.018094057108411,2.002409242774268,1.056608923846246,2.8771169645984864
3.43411320647295,1.0473358102988386,4.082628211351363,3.7152462096083414
2.8467632001770444,0.7874850598144032,2.6446678298887982,2.496893608826799
3.3323249363090555,0.5787733304090907,2.1492146563811656,5.360803929933483
2.433223723506022,4.805775370750339,3.7680993593489083,2.312864878714573
4.379506683262031,0.5972519710899196,2.621973328625233,12.405625339499656
1.4836222662068423,1.2043262230079073,2.3341711481260554,2.927242203223997
4.057001780064986,0.6467129858271932,3.2246244333559524,2.6259169297815457
2.5402506585845814,2.0728090752589257,1.6507123561358752,4.531364873611648
2.079883097481939,0.5303682813960244,2.87197057329557,2.0268192389244346
2.515561554254602,2.535226585805133,3.791089400384514,2.069972603988238
3.346564282214422,1.9897101909555095,2.2847860405354563,2.9589525493617788
1.9333468146227024,5.265203994907968,4.712724657669249,2.2051630003276665
4.150032349717642,3.5214154993311384,3.874335351475295,3.2583634063498503
5.425047983224356,2.769868978410972,3.318764566064864,9.771678405694727
4.467322573915519,1.1442653420118682,2.9000116139567385,4.063517772403962
2.8862018505869402,8.95940318073573,2.7562966306041825,3.1962440818485933
3.943807871804008,2.5740605807157135,3.368499111470101,6.636023563697621
3.3940329494468138,0.5103133835775717,2.262193306600336,2.1470874523392958
2.9964195023818982,0.0057293181132838916,3.4712061940127734,2.393642335124081
3.9967737562204255,1.700080411805526,2.0643431534944976,2.339584227326486
3.3501654762368767,0.03628962540686748,2.919140815361445,3.160172150427537
4.911771557049943,0.9837343273001703,3.7155579919494226,2.0210751648498584
4.489575665913238,1.6229339878418687,3.055705852500186,2.2167756661790774
4.808614393573615,0.7707220204670452,2.69546048697126,3.750909575810043
4.269504429293168,7.3502223965982,3.595248381184416,2.2592737746773017
2.7490946129374905,4.375381697646468,3.3454016989876627,2.1221162972496885
4.64129161944226,1.5226010775723937,2.399424790099503,5.40423629485789
4.386090416718628,1.5616474054215899,3.356357215165915,2.168013205695717
1.6178157335858607,0.9192083730033024,2.990852453562989,2.053556061723193
4.035689496117007,0.0681604502162787,2.8298042859780153,3.5401577177348384
3.619628510006022,11.730080455603963,2.2331328887330537,3.295304827289686
4.485627494991379,1.513177273777807,3.136714839603132,2.674055813129823
4.296852832789428,4.992182011700713,3.4700716996384817,2.4533431933048484
3.882707387479334,2.733196949895481,1.8996723506851831,4.229840847173864
2.236901780454458,0.7473387987635789,2.0966270450851847,2.031491709093212
3.790258898794159,1.2410782387919062,3.308248503802059,3.0309315151131284
4.261479402069945,4.058191549732092,3.199441808614965,2.1828744239109854
4.178993800058029,1.9485207494548122,3.4735829020351368,2.7878523390781784
5.113742007079271,4.422516379777038,1.5128381070690928,2.0901398151304256
5.709308719754173,1.9845073028096922,3.51116031420783,2.119602131923006
2.7997403268857455,4.480726022065128,2.3837541258955883,3.0603652771769916
2.754591272012314,9.247741864865626,2.024603805234893,2.9175659063987887
5.05327039598383,0.8581562398598362,3.7988227880087986,2.0284489983076077
3.468441106128863,2.828848601495393,3.438253331325111,2.9135152096673216
5.768399939737156,0.473458662764801,2.260566925854495,2.8992341507884634
3.376666584051364,1.5857675361604175,3.4871168374790056,2.036144897637088
4.203829975971837,3.142995656966497,2.7829334684462164,2.76099994931041
2.7062611054232617,1.1230717873704334,3.849718384314071,2.1223025145674277
2.5860912157030524,2.0099390081343285,2.465124158818761,4.629993651731525
5.099137133765327,1.4117260100781872,3.3881704939132025,2.376629953261035
4.761095609589971,2.3424607276780613,2.136041465527121,2.8603796567439606
4.112131616026048,2.013112389891113,2.3536773115904475,2.0683589909108626
4.4563101475320535,2.022271595395627,2.163711638296488,2.8536572192117706
2.7491849694529398,7.853760836938142,5.778800939475437,3.160299305930423
4.536080816077332,0.8983538122336218,3.2035313413779005,3.1012415909443436
4.9075711932179535,0.9907584683705803,1.8672473236065679,11.065742559295163
3.2895673733452746,0.9321185021393557,4.047187367095353,4.352347807772245
2.881495659070895,2.1017439113467704,3.1886609428957335,2.5586399291253947
4.1453030067351495,0.16087378603391006,1.9627898661927974,2.156396132743191
4.347200029484595,1.4185354724880133,3.2325199049497124,2.208282968650013
4.103986665255215,4.334987054327652,2.5096092216913317,2.581739445117648
5.636864220734855,0.37181320970670345,2.5547868763371917,2.550856319511248
2.1935279990162906,1.0716444944234507,2.4182237593401497,3.466085054197047
3.8295548363132323,2.534689841155875,3.1672909304611077,2.1345053495003574
5.1772590452006515,1.4102544911004107,3.2657336286490017,3.740828793127258
2.9816057796231643,5.182588002448504,2.0724435792538665,5.242410069021077
3.5693979525510575,0.5405740938634332,2.9755857787678903,3.929406693962409
4.245080464406227,0.48940186044309114,2.687415328226367,3.029144757156501
5.508508737695438,6.985117918756725,2.688613237075716,4.180028449071429
4.89312137348656,0.5102997207448723,3.363954051604154,2.6879504503495304
3.0094279356920755,0.1863357888307207,3.1870940527341958,11.347102558959994
4.160228799446191,1.484362173600181,2.0450004787666898,2.5448628680661622
5.188722707763483,0.8305859508921745,2.8283955497995867,2.9866800587045566
3.545380398226107,1.942068537602279,4.66909880754471,3.0781398673060107
4.405601873078068,3.7094743194620845,3.4020974494875404,3.064127277793986
2.9492376948706163,6.879977626345102,3.8133655690753074,2.602235660888916
2.9919058456359036,24.173973701285316,2.3662657604936244,2.3743742771870955
3.780465014349896,2.4970170714250832,1.8022887713035332,4.864517634413512
2.7972815021839486,2.5142547660228596,2.3525468205080022,2.0942736304782748
4.643752253436254,3.174662516805978,2.1868623407955607,5.110153892438753
3.178220525207138,0.8258571236403476,1.9720301594492158,2.4272111340660407
4.2327419864445535,2.19456975155154,1.6689927977967982,2.4193795046729387
4.060105504293559,0.8015531589730718,1.7381634848022878,3.6039578866635678
3.9433976763773084,1.525099590254448,2.5636429668813356,7.857846710105445
4.746319099916445,7.955976704653237,2.9210164060475603,2.3480535536535743
5.043574635452994,3.9153838227953237,2.537537724092259,3.3567506931224047
4.716573961044339,8.540611377628444,1.8659532217635173,3.935606074552856
3.616359726063248,2.727641513162253,3.0286151752875017,2.065791689490097
3.271806702827092,10.923993275916175,3.15228249554305,19.654583889032935
4.957385163001046,1.9574336215188453,2.9970746813851563,3.073320170905442
4.071746252489477,3.293565750346308,3.244418436568638,2.028427408202806
3.6054899988092455,1.123766148781985,1.9794175401053222,3.4806461527910724
3.680340543708927,8.20272840776809,2.4140031289334396,2.395585135067149
3.9293886728244627,2.043402638554653,2.7100977538431854,2.819186112163056
1.6470778635053511,3.1671202787034813,5.19751549487661,2.6391352388315683
2.9962729430833797,2.0386229073006215,2.3274616357983815,2.5134273021209284
3.615600971961889,4.333833744337628,2.568313209190567,4.42527999911871
4.42972977679375,5.768813122777877,2.131965702049666,2.4512459745137067
4.255862913362156,10.81306127834551,2.9207393118632017,2.8778202136117033
4.453382164047631,8.091415607328958,2.696706310381349,3.6109135870913707
3.050473666887462,1.0793887578055528,2.5380128337584122,4.104439382074064
5.5811353388416,12.052249903946224,2.1969460080616243,4.336853237243464
5.265665605274654,2.275930003615237,2.800125465289247,2.9970504804583005
4.022548845845845,0.5823578862354457,2.833380055515447,2.2592762647076956
5.219555645511327,4.751701427325307,3.7446208630541293,2.497999246905285
4.6257580630792745,3.896952589899108,2.605729257604112,2.1232908125909065
4.3384195305688555,3.027977242396005,1.4962888690524254,2.296846833643161
3.9204975818825445,0.6433413335049283,2.586206096445033,4.527360088814025
2.2480247635629365,0.46536656733700066,2.5081327324245635,2.508876062705695
4.277362207685029,2.636432076992748,2.529793348697147,3.6424188994144044
4.634695270656518,2.709776395709169,3.590487990924175,6.32676882985283
3.7420456574506415,0.8354916409849473,3.3762728657181036,5.2869649509605
4.445308179969285,8.042320509936223,2.7023498533127124,2.77703663304245
6.343354834268126,2.7948835417009996,3.3508368067810865,4.387318810523384
5.273745487628063,3.8559199597763274,3.1955925821761073,3.3188558196605893
2.584896026402323,1.7395132004980054,2.2412851437931356,2.6855842823541076
3.942446413728423,5.9696802127706015,2.598917387492777,2.495957029634591
3.488671237025039,0.5364058488731266,2.5694543621568795,10.573448722890614
2.9833334172131423,0.3760119685854718,3.3661036622744605,2.515290540480375
4.105230042522925,1.3648253047454624,2.6182356569278085,2.8779997156013506
3.0651585983300875,0.5017255089976218,3.4758554485213353,2.567942309564419
4.544261329868881,1.3372713131537628,3.3388326993673427,2.396834659060546
3.5689286250373047,1.2994020115778735,2.73922777185218,2.80426498870548
2.946628597354173,1.1757962535330904,2.8166312208112876,2.3117858067956667
4.626243633604551,1.2677142320407655,1.8678102191218215,2.2685385117486545
3.2838763929463646,2.610564825467771,3.4805374619786407,2.1600599833486456
3.1261954519321993,3.9086832862620824,2.7423187754588807,3.8691835290747223
4.664379129010613,0.5278836421115396,2.3578578819181635,6.813335120141506
2.2807394961766505,6.804067127836628,3.1517479722501767,2.0894714387164206
3.2133555104758056,0.3996768350535501,2.273281425764151,3.5288094592685666
3.2901010271926117,1.3159212963474376,2.461350958222372,4.516293502091604
4.9329176022922505,1.8042256878222847,3.4483915374353553,2.216523565812444
3.240164508473469,3.993188783101406,3.8466803496857107,3.0717992548104243
3.3930495037184105,5.2387210532657855,2.9031582730076493,5.124861424882217
2.2218585528141137,2.807396170207355,1.8660995017195408,5.821757900890985
4.658436395497956,0.6828133791821103,2.2271015104142093,8.66428344043177
4.0527748144526345,0.7126876445766905,1.6975498244925826,8.706031079553263
3.9708206146009783,1.1776044639891712,2.8671741484093993,2.8031369023175494
4.694820918192718,0.004208615232870761,2.5211520705786343,2.3742895198048863
